,RMSE_1,RMSE_2,RMSE_3,
95_600,1.387176,1.621161,2.341501,1.78327933333333
