,Generation,Solution,Fitness,Parameters
10,0,"""110011101010110010""",0.906403005123,"(102.0, 904.0)"
24,1,"""110011101010010010""",0.67278200388,"(102.0, 890.0)"
42,2,"""110011101010110010""",0.546636998653,"(102.0, 904.0)"
55,3,"""110011101010110010""",0.725832998753,"(102.0, 904.0)"
69,4,"""110011101010010010""",0.796893000603,"(102.0, 890.0)"
