,day-time,night-time
Normal,1.122387,1.33172866666667
Rain,2.957241,1.60417433333333
Fog,1.25983766666667,1.33711166666667
Rain & Fog,1.100008,1.49477733333333
