,daytime,nighttime
Normal,5.92264466666667,4.98616366666667
Rain,7.430547,7.13483333333333
Fog,4.971286,3.966395
Rain & Fog,3.08347233333333,5.12386866666667
